{
    "Domains_Alloy": {
        "nframes": 72722,
        "e_std": 2.3589341858384834,
        "f_std": 0.9888666996310054,
        "v_std": 0.6723208449803342,
        "rmse_e": 0.0135153,
        "rmse_f": 0.131349,
        "rmse_v": 0.0423223,
        "mae_e": 0.00978648,
        "mae_v": 0.0282192,
        "mae_f": 0.0912107
    },
    "Domains_Anode": {
        "nframes": 98387,
        "e_std": 1.2907341479014407,
        "f_std": 0.9292490167439915,
        "v_std": 30.54024406036417,
        "rmse_e": 0.000742712,
        "rmse_f": 0.0306861,
        "rmse_v": 0.00697234,
        "mae_e": 0.000454108,
        "mae_v": 0.00383338,
        "mae_f": 0.0186314
    },
    "Domains_Cluster": {
        "nframes": 158749,
        "e_std": 1175.2083158023704,
        "f_std": 1.5858025074880826,
        "v_std": 2.07667993275689,
        "rmse_e": 0.0331647,
        "rmse_f": 0.141995,
        "rmse_v": 0.846911,
        "mae_e": 0.0137689,
        "mae_v": 0.188668,
        "mae_f": 0.0959612
    },
    "Domains_Drug": {
        "nframes": 1404213,
        "e_std": 483.0652930663185,
        "f_std": 1.209032574233272,
        "v_std": 0,
        "rmse_e": 0.0123086,
        "rmse_f": 0.116097,
        "rmse_v": 0.121512,
        "mae_e": 0.00523685,
        "mae_v": 0.0785647,
        "mae_f": 0.0687004
    },
    "Domains_FerroEle": {
        "nframes": 15844,
        "e_std": 89.55458874754125,
        "f_std": 0.872524370846889,
        "v_std": 0.1640520446175296,
        "rmse_e": 0.000492483,
        "rmse_f": 0.0259623,
        "rmse_v": 0.00405961,
        "mae_e": 0.000370979,
        "mae_v": 0.00290038,
        "mae_f": 0.0187655
    },
    "Domains_SSE_PBE": {
        "nframes": 18468,
        "e_std": 0.38064153732932876,
        "f_std": 0.8443725094735143,
        "v_std": 0.11820226732808756,
        "rmse_e": 0.00106742,
        "rmse_f": 0.043914,
        "rmse_v": 0.0206264,
        "mae_e": 0.000734948,
        "mae_v": 0.00718315,
        "mae_f": 0.0317564
    },
    "Domains_SemiCond": {
        "nframes": 238824,
        "e_std": 921.8483629217022,
        "f_std": 1.759823854049395,
        "v_std": 0.27617377252182235,
        "rmse_e": 0.00672377,
        "rmse_f": 0.184916,
        "rmse_v": 0.0249892,
        "mae_e": 0.00487309,
        "mae_v": 0.018097,
        "mae_f": 0.121794
    },
    "H2O_H2O_PD": {
        "nframes": 48419,
        "e_std": 0.15349025338193523,
        "f_std": 1.1540850823220623,
        "v_std": 0.3019571492241326,
        "rmse_e": 0.000738788,
        "rmse_f": 0.0293327,
        "rmse_v": 0.00228631,
        "mae_e": 0.000508859,
        "mae_v": 0.00138443,
        "mae_f": 0.018372
    },
    "Metals_AlMgCu": {
        "nframes": 142159,
        "e_std": 0.709791637015097,
        "f_std": 1.2759509070452908,
        "v_std": 0.9289583084923156,
        "rmse_e": 0.00534685,
        "rmse_f": 0.0392712,
        "rmse_v": 0.0534216,
        "mae_e": 0.00343943,
        "mae_v": 0.0226042,
        "mae_f": 0.0266727
    },
    "Metals_Cu": {
        "nframes": 15366,
        "e_std": 0.5848752622338614,
        "f_std": 0.7908391748166604,
        "v_std": 0,
        "rmse_e": 0.00113495,
        "rmse_f": 0.0100022,
        "rmse_v": 2.17608,
        "mae_e": 0.000613623,
        "mae_v": 0.770858,
        "mae_f": 0.00508827
    },
    "Metals_Sn": {
        "nframes": 6725,
        "e_std": 0.5911259056363156,
        "f_std": 0.8142733184273824,
        "v_std": 2.307490239860874,
        "rmse_e": 0.00768312,
        "rmse_f": 0.0636423,
        "rmse_v": 0.0302734,
        "mae_e": 0.00572646,
        "mae_v": 0.0207549,
        "mae_f": 0.0410326
    },
    "Metals_Ti": {
        "nframes": 10528,
        "e_std": 0.3115998467591731,
        "f_std": 0.8298737847795451,
        "v_std": 0.8595306911370666,
        "rmse_e": 0.00817543,
        "rmse_f": 0.123675,
        "rmse_v": 0.300686,
        "mae_e": 0.00387579,
        "mae_v": 0.148564,
        "mae_f": 0.0627113
    },
    "Metals_V": {
        "nframes": 15673,
        "e_std": 0.6046289054619229,
        "f_std": 0.7045598799603973,
        "v_std": 2.523598896033994,
        "rmse_e": 0.0041736,
        "rmse_f": 0.0849625,
        "rmse_v": 0.0441882,
        "mae_e": 0.00217209,
        "mae_v": 0.0260779,
        "mae_f": 0.0414276
    },
    "Metals_W": {
        "nframes": 44397,
        "e_std": 0.5207716894324368,
        "f_std": 1.919531106734047,
        "v_std": 1.2586519387893071,
        "rmse_e": 0.00737897,
        "rmse_f": 0.0989956,
        "rmse_v": 0.0277098,
        "mae_e": 0.00375923,
        "mae_v": 0.0166426,
        "mae_f": 0.0579309
    },
    "Others_C12H26": {
        "nframes": 35496,
        "e_std": 108.02792878534079,
        "f_std": 6.901633264644329,
        "v_std": 0,
        "rmse_e": 0.0481744,
        "rmse_f": 0.597891,
        "rmse_v": 0.405013,
        "mae_e": 0.0299206,
        "mae_v": 0.243328,
        "mae_f": 0.245708
    },
    "Others_HfO2": {
        "nframes": 28577,
        "e_std": 0.15469331298928293,
        "f_std": 1.9719564870188928,
        "v_std": 0.7445963424366804,
        "rmse_e": 0.00150214,
        "rmse_f": 0.0566149,
        "rmse_v": 0.00535794,
        "mae_e": 0.0012116,
        "mae_v": 0.0039579,
        "mae_f": 0.0410631
    },
    "Domains_SSE_PBESol": {
        "nframes": 7886,
        "e_std": 0.11824090738374682,
        "f_std": 0.8105436221677459,
        "v_std": 0.09812628276048119,
        "rmse_e": 0.000816273,
        "rmse_f": 0.0429799,
        "rmse_v": 0.0194464,
        "mae_e": 0.000544454,
        "mae_v": 0.00907511,
        "mae_f": 0.0304622
    },
    "Domains_Transition1x": {
        "nframes": 8599782,
        "e_std": 0.211436146567531,
        "f_std": 0.3606289462171185,
        "v_std": 0,
        "rmse_e": 0.0192884,
        "rmse_f": 0.147139,
        "rmse_v": 0.108519,
        "mae_e": 0.011592,
        "mae_v": 0.0582064,
        "mae_f": 0.0810489
    },
    "H2O_H2O_DPLR": {
        "nframes": 603,
        "e_std": 0.029483476347622495,
        "f_std": 0.8919039979725314,
        "v_std": 0.05472661525190876,
        "rmse_e": 0.000336575,
        "rmse_f": 0.0180198,
        "rmse_v": 0.000626532,
        "mae_e": 0.000251576,
        "mae_v": 0.000476647,
        "mae_f": 0.0130167
    },
    "H2O_H2O_PBE0TS_MD": {
        "nframes": 40000,
        "e_std": 0.0033812552443116452,
        "f_std": 0.8149316310882568,
        "v_std": 0.0,
        "rmse_e": 0.000804183,
        "rmse_f": 0.108396,
        "rmse_v": 0.0167092,
        "mae_e": 0.000643182,
        "mae_v": 0.0133452,
        "mae_f": 0.0815261
    },
    "H2O_H2O_PBE0TS": {
        "nframes": 140000,
        "e_std": 0.04708478837614954,
        "f_std": 1.939566635479819,
        "v_std": 0,
        "rmse_e": 0.000775807,
        "rmse_f": 0.0188818,
        "rmse_v": 0.0744967,
        "mae_e": 0.000510845,
        "mae_v": 0.0525498,
        "mae_f": 0.0145436
    },
    "H2O_H2O_SCAN0": {
        "nframes": 7349,
        "e_std": 0.011650629565802689,
        "f_std": 2.1632786684531076,
        "v_std": 0.030000819289649514,
        "rmse_e": 0.00359098,
        "rmse_f": 0.296645,
        "rmse_v": 0.0395269,
        "mae_e": 0.00279733,
        "mae_v": 0.031494,
        "mae_f": 0.218973
    },
    "Metals_AgAu_PBED3": {
        "nframes": 66495,
        "e_std": 0.7922485791351749,
        "f_std": 1.0748116962172476,
        "v_std": 2.770483595587355,
        "rmse_e": 0.00362602,
        "rmse_f": 0.0173539,
        "rmse_v": 0.0114695,
        "mae_e": 0.00183447,
        "mae_v": 0.00664317,
        "mae_f": 0.00815264
    },
    "Others_In2Se3": {
        "nframes": 12189,
        "e_std": 0.12053159644892804,
        "f_std": 0.6127979565902316,
        "v_std": 0.18131238968417543,
        "rmse_e": 0.0051667,
        "rmse_f": 0.104705,
        "rmse_v": 0.0297637,
        "mae_e": 0.00325621,